1,M. Tahmasebi,31,G
22,E. Moradian,22,G
31,F. Tayebipour,20,G
99,V. Talebloo,34,G
2,M.Najjarian,18,D
4,A. Vali,29,D
5,M. Aleshakhe,23,D
6,A. Karami,33,D
23,S. Saeidi,25,D
24,M. Jamaati,27,D
77,A. Naseri,24,D
8,H. Bouhamdan,27,M
11,A. Imani,24,M
15,M. Chago,33,M
17,M. Pakparvar,22,M
18,S. Moridi,20,M
20,A. Abdollahzadeh,24,M
21,B. Farrokhi,24,M
29,A. Rabbani,23,M
30,S. Hardani,25,M
32,H. Habibinejad,21,M
40,Y. Vekia,23,M
70,M. Badragheh,20,M
88,M. Motlaghzadeh,22,M
40,H. Ebrahimi,26,M
3,S. Ansari,25,A
10,E. Sharifat,28,A
26,B. Jahantigh,21,A
