1,M. Roshangar,35,G
35,S. Gordan,32,G
60,S. Jalali,22,G
2,V. Haroyan,24,D
4,M. Moradmand,23,D
5,A. Hosseini,25,D
7,M. Nasehi,32,D
17,H. Jafari,26,D
23,M. Abbasian,27,D
37,M. Mansouri,22,D
61,M. Faramarzi,22,D
62,F. Ghasemi,23,D
63,M. Nazarzadeh,33,D
3,F. Gerami,25,M
6,K. Ahmadi,30,M
8,M. Khorsandnia,28,M
13,M. Yousefi,33,M
21,M. Kamandani,22,M
24,M. Kafshgari,29,M
88,R. Haghighi,27,M
64,A. Hesami,25,M
65,H. Khaziravi,22,M
66,A. Nademi,23,M
67,R. Otaghi,23,M
68,S. Rouzitalab,25,M
69,H. Zarei,17,M
10,Y. Shakeri,26,A
11,M. Mardani,22,A
27,H. Zamehran,24,A
36,D. Diarrassouba,22,A
75,H. Mehraban,20,A
45,A. Eskandari,23,A
46,M. Gharibi,24,A
47,A. Ghoreishi,20,A
