1,H. Lak,26,G
22,M. Sadeghi,27,G
24,M. Ghodratipour,25,G
2,D. Bahadori,22,D
3,P. Seifpanahi,30,D
4,M. Haghjou,30,D
16,H. Beikzadeh,32,D
20,H. Hashemi,33,D
23,H. Divsalar,26,D
63,N. Daghestani,18,D
5,G. Dehnavi,35,M
6,M. Hosseini,23,M
14,O.Jahanbakhsh,22,M
17,M. Karami,21,M
18,M. Amiri,25,M
21,E.Badi,25,M
30,M. Abtahi,24,M
75,M. Baouj Rezaei,20,M
88,V. Aliabadi,26,M
61,M. Aliyari,20,M
60,M. Mohammadzadeh,25,M
7,K. Amraei,26,A
8,K. Eslami,30,A
9,M. Tanhaei,30,A
10,G. Enayati,40,A
11,M. Ousani,24,A
70,A. Hasanzadeh,31,A
77,A. Fatemi,23,A
